ID,Input,JSON Validity,Schema Compliance,Intent Extraction,Structure Completeness,Hallucination,Overall Score,Notes
E001,I want an intermediate cat.,2,2,2,2,2,10,"good extraction. Cat, difficulty 3."
E002,I want a rabbit ,2,2,2,2,2,10,"good extraction. Rabbit, difficulty null."
E003,dog,2,2,1,2,2,9,difficulty defaulted to 3 instead of null.
E004,I want a white crane ,2,2,1,2,2,9,difficulty defaulted to 3 instead of null.
E005,give me a lion,2,2,1,2,2,9,difficulty defaulted to 3 instead of null.
E006,make me sth cute,2,2,2,2,2,10,"vague input mapped to cat, difficulty 3."
E007,I want a dragonfly.,2,2,2,2,2,10,"good extraction. Dragonfly, difficulty null."
E008,make me a 5 pedals orchid flower,2,2,1,2,2,9,difficulty defaulted to 3 instead of null.
E009,make me a 5 pedals orchid flower with stem and leafs,2,2,1,2,2,9,difficulty defaulted to 3 instead of null.
E010,I want a Eupatorus gracilicornus.,2,2,1,2,2,9,difficulty defaulted to 3 instead of null. Good anatomical parts.
E011,I want an easy bug ,2,2,2,2,2,10,"good extraction. Bug, difficulty 1."
E012,make me a butterfly,2,2,1,2,2,9,difficulty defaulted to 3 instead of null.
E013,snake,2,2,1,2,2,9,difficulty defaulted to 3 instead of null.
E014,I want a simple elephant.,2,2,2,2,2,10,"good extraction. Elephant, difficulty 1."
E015,give me a penguin,2,2,1,2,2,9,difficulty defaulted to 3 instead of null.
E016,I want a ladybug.,2,2,2,2,2,10,"good extraction. Ladybug, difficulty null."
E017,make me a 4-leaf clover,2,2,1,2,2,9,difficulty defaulted to 2 instead of null.
E018,I want a complex scorpion with claws and a tail,2,2,2,2,2,10,"good extraction. Scorpion, difficulty 4."
E019,make me a 6 petals lily flower with stem,2,2,1,2,2,9,difficulty defaulted to 3 instead of null.
E020,I want a Tyrannosaurus rex.,2,2,1,2,2,9,difficulty defaulted to 3 instead of null.
E021,I want a giraffe,2,2,1,2,2,9,difficulty defaulted to 3 instead of null.
E022,,2,2,0,2,0,6,empty input resulted in cat with difficulty 3. Major hallucination.
